core_jar_2886e2026ed9da084b3c42e318f3affc	현재
sem_Blender_482ae495439fca7ef5afb395b99ae069	X-90
sem_Blender_48bddfc383e475583f36fda0f70067c5	X-90
sem_Candle_187d89b0c436d0edc8ab9067fbd9681d	X-90
sem_Candle_3e6473aeac7d240bcbdb36da0ec8fda6	X-90
sem_Candle_88afa2933cf484378a8cf1e3e05903e3	X-90
sem_Candle_c29ceb4f2711534d9cbae40750f203a6	X-90
sem_Candle_da6658f36a9e81e8c4cbe5e698cebc61	X-90
sem_Candle_f13cd463079ccc3071fed78a5e58c3d1	X-90
sem_Cap_90c6bffdc81cedbeb80102c6e0a7618a	X-90
sem_Cap_c2cf2cf35d08662945c5fa74440a4519	X-90
sem_Cap_ed52d2c2a9c1b606cf9bbc203a5cff99	X-90
sem_Cookie_2ec24ca1dd42c39f6ad0370a38d43358	X-90
sem_Cookie_6a4bcdda0de2810190a3f8bc630957a8	X+90
sem_Cookie_a8e3118bec4c495f737a00f007529fbf	X-90
sem_Cookie_ccfa74e5574678325cde8c99e4b182f9	X-90
sem_Cup_dc1c220c8ef89a5d1a57566a9a7e5976	X-90
sem_Detergent_547fa0085800c5c3846564a8a219239b	X-90
sem_Detergent_c02d623423a67ed9bda72093f9b5aa73	X-90
sem_Detergent_eded10bf44a2571a911cff0cb398f845	X-90
sem_DrinkingUtensil_128ecbc10df5b05d96eaf1340564a4de	X-90
sem_DrinkingUtensil_159e56c18906830278d8f8c02c47cde0	X-90
sem_DrinkingUtensil_181846dba8cfa3e91fc277ccdec7582	X-90
sem_DrinkingUtensil_187859d3c3a2fd23f54e1b6f41fdd78a	X-90
sem_DrinkingUtensil_1e227771ef66abdb4212ff51b27f0221	X-90
sem_DrinkingUtensil_1ea9ea99ac8ed233bf355ac8109b9988	X-90
sem_DrinkingUtensil_23fb2a2231263e261a9ac99425d3b306	X-90
sem_DrinkingUtensil_24651c3767aa5089e19f4cee87249aca	X-90
sem_DrinkingUtensil_2997f21fa426e18a6ab1a25d0e8f3590	X-90
sem_DrinkingUtensil_2e228ee528f0a7054212ff51b27f0221	X-90
sem_DrinkingUtensil_2e8d37b3dd65c312b8f0377fb16daf9d	X-90
sem_DrinkingUtensil_31ec660f1bdbec47ddcb31426795fd11	X-90
sem_FoodItem_118644ba80aa5048ac59fb466121cd17	X-90
sem_FoodItem_13b48456dad49f8762edbb9e1af21a03	X-90
sem_FoodItem_14d31ee208e1823f48b9fefd9341bfa	X+90
sem_FoodItem_1a10ecfcaac04c882d17d82c03b66	X-90
sem_FoodItem_1fe6ed518ca583a77215a1e3ffbff428	X-90
sem_FoodItem_28b280b06401e17c83b787d4ec835b6b	X+90
sem_FoodItem_2ddf6075c2e4fe46b5de9f9c43608e2e	X-90
sem_FoodItem_2e5a331b7d16f263d9e1e44903fea4a9	X-90
sem_FoodItem_32e7b785fc1bec024cf6350d5689a769	X-90
sem_Fruit_b095a1c41447e9da887d2d6e4a6617b3	X-90
sem_Kettle_9c5b0553b7a7088759ac5a8e79274552	X-90
sem_Pizza_99dadb83b9bcf2498af30108ea9ccb6c	X-90
sem_Pizza_b3a8ebcf6e9ca5852721058c5c629b05	X+90
sem_Pizza_df62f7b84fd210ba82cabcc4d06ff984	X-90
sem_Plate_1389e932a2c776d83c143af07c12991a	X+90
sem_Plate_9969f6178dcd67101c75d484f9069623	X+90
sem_RiceCooker_1f00a773e33908a3abb564bb0657e0d6	X-90
sem_RiceCooker_5aa24fc0f25b61abb564bb0657e0d6	X-90
sem_RiceCooker_b3bbd60c89f54f1231a50841704a69bf	X-90
sem_SoapBar_5aba32dba149598911f4f6c1a9b8e604	X+90
sem_Teapot_5a471458da447600fea9cf313bd7758b	X-90
sem_Teapot_93c6553dc3f2ad11012cc02986a86c3	X-90
sem_Teapot_c7a70db33a8c900dab5b523beb03efcd	X-90
sem_Teapot_ef16485d8a6750e84212ff51b27f0221	X-90
sem_ToasterOven_3c357d1352d2d1811fddae104d1cd00e	X+90
sem_ToasterOven_95b4eee44e668dfb87a77620548f66e9	X+90
sem_ToiletPaper_3585a9ea9a1c40d5533775ea6714a372	X+90
sem_ToiletPaper_39ee1fdc9b314b4c8ad12ca6224f4ace	X+90
sem_ToiletPaper_3ae42af85250afde9e40e3e25a634011	X180
sem_ToiletPaper_6658857ea89df65ea35a7666f0cfa5bb	Y+90
sem_ToiletPaper_6f97a8c3a5f076665d73afbd7c310e93	X-90
sem_Vase_1a8f9295b44b48895e8c5748ca5ef3ea	X-90
sem_Vase_2fc5fff977ac930050b92125e5fcb8ac	X-90
sem_Vase_32dc55c3e945384dbc5e533ab711fd24	X-90
sem_Vase_38e712afedf758c355db916689d826c1	X-90
sem_Vase_3a275e00d69810c62600e861c93ad9cc	X-90
sem_Vase_3ca4bd70f299100acd6a36c601ac1ec2	X-90
sem_Vase_3dfde41f48617120c7d17f1ea7477fc2	X-90
sem_Vase_3e8fd535abd8381c614be109ad41e469	X-90
sem_Vase_418003a4a24e2c18265d1076b4b6c5c	X+90
sem_Vase_4835bb37072cb5dafc23d64476f7d890	X-90
sem_Vase_4cd37983220c5949946c2e1ea428382a	X-90
